{"Body":{"stkCallback":{"MerchantRequestID":"16306-4668795-1","CheckoutRequestID":"ws_CO_300420210610432822","ResultCode":0,"ResultDesc":"Request cancelled by user"}}}{"Body":{"stkCallback":{"MerchantRequestID":"14342-5146745-1","CheckoutRequestID":"ws_CO_300420211403028335","ResultCode":1037,"ResultDesc":"DS timeout."}}}{"Body":{"stkCallback":{"MerchantRequestID":"8630-7112171-1","CheckoutRequestID":"ws_CO_300420211932483406","ResultCode":1032,"ResultDesc":"Request cancelled by user"}}}{"Body":{"stkCallback":{"MerchantRequestID":"14369-11468455-1","CheckoutRequestID":"ws_CO_040520211534472575","ResultCode":1031,"ResultDesc":"Request cancelled by user"}}}{"Body":{"stkCallback":{"MerchantRequestID":"22250-15592488-1","CheckoutRequestID":"ws_CO_070520211722413639","ResultCode":0,"ResultDesc":"The service request is processed successfully.","CallbackMetadata":{"Item":[{"Name":"Amount","Value":1.00},{"Name":"MpesaReceiptNumber","Value":"PE73OJNTHB"},{"Name":"Balance"},{"Name":"TransactionDate","Value":20210507172318},{"Name":"PhoneNumber","Value":254700711233}]}}}}{"Body":{"stkCallback":{"MerchantRequestID":"14371-18050755-1","CheckoutRequestID":"ws_CO_070520211755088373","ResultCode":0,"ResultDesc":"The service request is processed successfully.","CallbackMetadata":{"Item":[{"Name":"Amount","Value":1.00},{"Name":"MpesaReceiptNumber","Value":"PE72OLRHYE"},{"Name":"Balance"},{"Name":"TransactionDate","Value":20210507175536},{"Name":"PhoneNumber","Value":254700711233}]}}}}